DATE,PRCP,SNOW
1/1/2011,0,0
1/2/2011,0.11,0
1/3/2011,0,0
1/4/2011,0,0
1/5/2011,0,0
1/6/2011,0,0
1/7/2011,0.07,0.8
1/8/2011,0,0.2
1/9/2011,0,0
1/10/2011,0,0
1/11/2011,0.18,1.9
1/12/2011,0.42,4.2
1/13/2011,0,0
1/14/2011,0,0
1/15/2011,0,0
1/16/2011,0,0
1/17/2011,0,0
1/18/2011,1.28,0
1/19/2011,0.08,0
1/20/2011,0,0
1/21/2011,0.38,3.9
1/22/2011,0,0
1/23/2011,0,0
1/24/2011,0,0
1/25/2011,0.02,0.3
1/26/2011,0.61,6
1/27/2011,0.38,4.3
1/28/2011,0.01,0.2
1/29/2011,0.01,0.3
1/30/2011,0,0
1/31/2011,0,0
2/1/2011,0.07,0.5
2/2/2011,0.69,0
2/3/2011,0,0
2/4/2011,0,0
2/5/2011,0.23,0
2/6/2011,0,0
2/7/2011,0.1,0
2/8/2011,0.13,0
2/9/2011,0,0
2/10/2011,0,0
2/11/2011,0,0
2/12/2011,0,0
2/13/2011,0,0
2/14/2011,0,0
2/15/2011,0,0
2/16/2011,0,0
2/17/2011,0,0
2/18/2011,0.1,0
2/19/2011,0,0
2/20/2011,0,0
2/21/2011,0.19,2.3
2/22/2011,0,0
2/23/2011,0,0
2/24/2011,0.06,0
2/25/2011,1.26,0
2/26/2011,0,0
2/27/2011,0,0
2/28/2011,0.37,0
3/1/2011,0,0
3/2/2011,0,0
3/3/2011,0,0
3/4/2011,0,0
3/5/2011,0,0
3/6/2011,1.32,0
3/7/2011,0.07,0
3/8/2011,0,0
3/9/2011,0,0
3/10/2011,0.53,0
3/11/2011,0.64,0
3/12/2011,0,0
3/13/2011,0,0
3/14/2011,0,0
3/15/2011,0,0
3/16/2011,0.7,0
3/17/2011,0,0
3/18/2011,0,0
3/19/2011,0,0
3/20/2011,0,0
3/21/2011,0.33,0
3/22/2011,0,0
3/23/2011,0.71,0.9
3/24/2011,0.07,0.4
3/25/2011,0,0
3/26/2011,0,0
3/27/2011,0,0
3/28/2011,0,0
3/29/2011,0,0
3/30/2011,0,0
3/31/2011,0.18,0
4/1/2011,0.17,0
4/2/2011,0,0
4/3/2011,0,0
4/4/2011,0.03,0
4/5/2011,0.08,0
4/6/2011,0.06,0
4/7/2011,0,0
4/8/2011,0,0
4/9/2011,0,0
4/10/2011,0,0
4/11/2011,0,0
4/12/2011,0.69,0
4/13/2011,0.5,0
4/14/2011,0,0
4/15/2011,0,0
4/16/2011,1.25,0
4/17/2011,0.05,0
4/18/2011,0,0
4/19/2011,0.01,0
4/20/2011,0,0
4/21/2011,0,0
4/22/2011,0,0
4/23/2011,0.95,0
4/24/2011,0.4,0
4/25/2011,0,0
4/26/2011,0,0
4/27/2011,0,0
4/28/2011,0.11,0
4/29/2011,0,0
4/30/2011,0,0
5/1/2011,0,0
5/2/2011,0,0
5/3/2011,0,0
5/4/2011,0.58,0
5/5/2011,0,0
5/6/2011,0,0
5/7/2011,0,0
5/8/2011,0,0
5/9/2011,0,0
5/10/2011,0,0
5/11/2011,0,0
5/12/2011,0,0
5/13/2011,0,0
5/14/2011,0,0
5/15/2011,0.06,0
5/16/2011,0.02,0
5/17/2011,1.01,0
5/18/2011,0.89,0
5/19/2011,0,0
5/20/2011,0.04,0
5/21/2011,0.03,0
5/22/2011,0,0
5/23/2011,0.1,0
5/24/2011,0,0
5/25/2011,0,0
5/26/2011,0,0
5/27/2011,0,0
5/28/2011,0,0
5/29/2011,0,0
5/30/2011,0.43,0
5/31/2011,0,0
6/1/2011,0,0
6/2/2011,0,0
6/3/2011,0,0
6/4/2011,0,0
6/5/2011,0,0
6/6/2011,0,0
6/7/2011,0,0
6/8/2011,0,0
6/9/2011,0.44,0
6/10/2011,0,0
6/11/2011,0.3,0
6/12/2011,0.25,0
6/13/2011,0.05,0
6/14/2011,0.06,0
6/15/2011,0,0
6/16/2011,0,0
6/17/2011,0.93,0
6/18/2011,0,0
6/19/2011,0,0
6/20/2011,0,0
6/21/2011,0,0
6/22/2011,0.01,0
6/23/2011,0.01,0
6/24/2011,0,0
6/25/2011,0,0
6/26/2011,0,0
6/27/2011,0,0
6/28/2011,0,0
6/29/2011,0.04,0
6/30/2011,0,0
7/1/2011,0,0
7/2/2011,0,0
7/3/2011,0.23,0
7/4/2011,0,0
7/5/2011,0,0
7/6/2011,0,0
7/7/2011,0.09,0
7/8/2011,0.58,0
7/9/2011,0,0
7/10/2011,0,0
7/11/2011,0,0
7/12/2011,0,0
7/13/2011,0.06,0
7/14/2011,0,0
7/15/2011,0,0
7/16/2011,0,0
7/17/2011,0,0
7/18/2011,0,0
7/19/2011,0,0
7/20/2011,0,0
7/21/2011,0,0
7/22/2011,0,0
7/23/2011,0,0
7/24/2011,0.21,0
7/25/2011,0.09,0
7/26/2011,0.17,0
7/27/2011,0,0
7/28/2011,0,0
7/29/2011,1.28,0
7/30/2011,0,0
7/31/2011,0,0
8/1/2011,0.01,0
8/2/2011,0,0
8/3/2011,0.6,0
8/4/2011,0,0
8/5/2011,0,0
8/6/2011,0,0
8/7/2011,0.17,0
8/8/2011,0,0
8/9/2011,0.44,0
8/10/2011,0,0
8/11/2011,0,0
8/12/2011,0,0
8/13/2011,0,0
8/14/2011,7.8,0
8/15/2011,0,0
8/16/2011,0.01,0
8/17/2011,0,0
8/18/2011,0.45,0
8/19/2011,0.4,0
8/20/2011,0,0
8/21/2011,2.06,0
8/22/2011,0,0
8/23/2011,0,0
8/24/2011,0,0
8/25/2011,0.27,0
8/26/2011,0,0
8/27/2011,2.69,0
8/28/2011,2.34,0
8/29/2011,0,0
8/30/2011,0,0
8/31/2011,0,0
9/1/2011,0,0
9/2/2011,0,0
9/3/2011,0,0
9/4/2011,0,0
9/5/2011,0,0
9/6/2011,1.2,0
9/7/2011,0.82,0
9/8/2011,0.38,0
9/9/2011,0,0
9/10/2011,0,0
9/11/2011,0,0
9/12/2011,0,0
9/13/2011,0,0
9/14/2011,0,0
9/15/2011,0.01,0
9/16/2011,0,0
9/17/2011,0,0
9/18/2011,0,0
9/19/2011,0,0
9/20/2011,0.03,0
9/21/2011,0,0
9/22/2011,0.01,0
9/23/2011,1.07,0
9/24/2011,0,0
9/25/2011,0,0
9/26/2011,0,0
9/27/2011,0,0
9/28/2011,0.05,0
9/29/2011,0.41,0
9/30/2011,0.23,0
10/1/2011,0.2,0
10/2/2011,0,0
10/3/2011,0.04,0
10/4/2011,0,0
10/5/2011,0,0
10/6/2011,0,0
10/7/2011,0,0
10/8/2011,0,0
10/9/2011,0,0
10/10/2011,0,0
10/11/2011,0,0
10/12/2011,0.01,0
10/13/2011,0.05,0
10/14/2011,0.32,0
10/15/2011,0,0
10/16/2011,0,0
10/17/2011,0,0
10/18/2011,0,0
10/19/2011,1.25,0
10/20/2011,0.01,0
10/21/2011,0,0
10/22/2011,0,0
10/23/2011,0,0
10/24/2011,0,0
10/25/2011,0,0
10/26/2011,0,0
10/27/2011,0.69,0
10/28/2011,0,0
10/29/2011,1.82,1.5
10/30/2011,0.01,0
10/31/2011,0,0
11/1/2011,0,0
11/2/2011,0,0
11/3/2011,0,0
11/4/2011,0,0
11/5/2011,0,0
11/6/2011,0,0
11/7/2011,0,0
11/8/2011,0,0
11/9/2011,0,0
11/10/2011,0,0
11/11/2011,0,0
11/12/2011,0,0
11/13/2011,0,0
11/14/2011,0,0
11/15/2011,0.01,0
11/16/2011,0.61,0
11/17/2011,0.04,0
11/18/2011,0,0
11/19/2011,0,0
11/20/2011,0,0
11/21/2011,0.18,0
11/22/2011,1.5,0
11/23/2011,0.74,0
11/24/2011,0,0
11/25/2011,0,0
11/26/2011,0,0
11/27/2011,0,0
11/28/2011,0,0
11/29/2011,0.16,0
11/30/2011,0,0
12/1/2011,0,0
12/2/2011,0,0
12/3/2011,0,0
12/4/2011,0,0
12/5/2011,0,0
12/6/2011,0.19,0
12/7/2011,0.99,0
12/8/2011,0.19,0
12/9/2011,0,0
12/10/2011,0,0
12/11/2011,0,0
12/12/2011,0,0
12/13/2011,0,0
12/14/2011,0,0
12/15/2011,0,0
12/16/2011,0,0
12/17/2011,0,0
12/18/2011,0,0
12/19/2011,0,0
12/20/2011,0.02,0
12/21/2011,0.12,0
12/22/2011,0.06,0
12/23/2011,0.86,0
12/24/2011,0,0
12/25/2011,0,0
12/26/2011,0,0
12/27/2011,0.7,0
12/28/2011,0,0
12/29/2011,0,0
12/30/2011,0,0
12/31/2011,0,0
1/1/2012,0.07,0
1/2/2012,0,0
1/3/2012,0,0
1/4/2012,0,0
1/5/2012,0,0
1/6/2012,0,0
1/7/2012,0,0
1/8/2012,0,0
1/9/2012,0,0
1/10/2012,0,0
1/11/2012,0.12,0
1/12/2012,0.9,0
1/13/2012,0,0
1/14/2012,0,0
1/15/2012,0,0
1/16/2012,0,0
1/17/2012,0.23,0
1/18/2012,0,0
1/19/2012,0,0
1/20/2012,0,0
1/21/2012,0.17,1.6
1/22/2012,0,0
1/23/2012,0.23,0
1/24/2012,0,0
1/25/2012,0,0
1/26/2012,0.18,0
1/27/2012,0.29,0
1/28/2012,0,0
1/29/2012,0,0
1/30/2012,0,0
1/31/2012,0,0
2/1/2012,0.03,0
2/2/2012,0,0
2/3/2012,0,0
2/4/2012,0,0
2/5/2012,0,0
2/6/2012,0,0
2/7/2012,0,0
2/8/2012,0.04,0.3
2/9/2012,0,0
2/10/2012,0,0
2/11/2012,0.12,0.3
2/12/2012,0,0
2/13/2012,0,0
2/14/2012,0.03,0
2/15/2012,0.01,0
2/16/2012,0.12,0
2/17/2012,0.04,0
2/18/2012,0.01,0
2/19/2012,0,0
2/20/2012,0,0
2/21/2012,0,0
2/22/2012,0,0
2/23/2012,0,0
2/24/2012,0.37,0
2/25/2012,0,0
2/26/2012,0,0
2/27/2012,0,0
2/28/2012,0,0
2/29/2012,0.49,0
3/1/2012,0.11,0
3/2/2012,0.15,0
3/3/2012,0.14,0
3/4/2012,0,0
3/5/2012,0,0
3/6/2012,0,0
3/7/2012,0,0
3/8/2012,0,0
3/9/2012,0.07,0
3/10/2012,0,0
3/11/2012,0,0
3/12/2012,0,0
3/13/2012,0.08,0
3/14/2012,0,0
3/15/2012,0,0
3/16/2012,0.02,0
3/17/2012,0,0
3/18/2012,0,0
3/19/2012,0,0
3/20/2012,0,0
3/21/2012,0,0
3/22/2012,0,0
3/23/2012,0,0
3/24/2012,0.12,0
3/25/2012,0.04,0
3/26/2012,0,0
3/27/2012,0,0
3/28/2012,0.01,0
3/29/2012,0,0
3/30/2012,0.04,0
3/31/2012,0.35,0
4/1/2012,0.3,0
4/2/2012,0.1,0
4/3/2012,0,0
4/4/2012,0,0
4/5/2012,0,0
4/6/2012,0,0
4/7/2012,0,0
4/8/2012,0,0
4/9/2012,0,0
4/10/2012,0,0
4/11/2012,0,0
4/12/2012,0,0
4/13/2012,0,0
4/14/2012,0,0
4/15/2012,0,0
4/16/2012,0,0
4/17/2012,0,0
4/18/2012,0,0
4/19/2012,0,0
4/20/2012,0,0
4/21/2012,0.1,0
4/22/2012,2.14,0
4/23/2012,0.27,0
4/24/2012,0,0
4/25/2012,0,0
4/26/2012,0.06,0
4/27/2012,0,0
4/28/2012,0,0
4/29/2012,0,0
4/30/2012,0,0
5/1/2012,0.94,0
5/2/2012,0.03,0
5/3/2012,0.65,0
5/4/2012,0.28,0
5/5/2012,0.07,0
5/6/2012,0,0
5/7/2012,0,0
5/8/2012,0.09,0
5/9/2012,1.4,0
5/10/2012,0.22,0
5/11/2012,0,0
5/12/2012,0,0
5/13/2012,0,0
5/14/2012,0,0
5/15/2012,0.57,0
5/16/2012,0.02,0
5/17/2012,0,0
5/18/2012,0,0
5/19/2012,0,0
5/20/2012,0,0
5/21/2012,1.76,0
5/22/2012,0.16,0
5/23/2012,0,0
5/24/2012,0.46,0
5/25/2012,0.09,0
5/26/2012,0.19,0
5/27/2012,0.14,0
5/28/2012,0,0
5/29/2012,0.01,0
5/30/2012,0,0
5/31/2012,0,0
6/1/2012,0.45,0
6/2/2012,0.81,0
6/3/2012,0,0
6/4/2012,0.22,0
6/5/2012,0,0
6/6/2012,0.04,0
6/7/2012,0,0
6/8/2012,0,0
6/9/2012,0,0
6/10/2012,0.08,0
6/11/2012,0,0
6/12/2012,1.08,0
6/13/2012,1.37,0
6/14/2012,0,0
6/15/2012,0,0
6/16/2012,0,0
6/17/2012,0,0
6/18/2012,0,0
6/19/2012,0,0
6/20/2012,0,0
6/21/2012,0,0
6/22/2012,0.19,0
6/23/2012,0.65,0
6/24/2012,0.03,0
6/25/2012,1.9,0
6/26/2012,0,0
6/27/2012,0,0
6/28/2012,0,0
6/29/2012,0.06,0
6/30/2012,0,0
7/1/2012,0,0
7/2/2012,0,0
7/3/2012,0,0
7/4/2012,0.04,0
7/5/2012,0,0
7/6/2012,0,0
7/7/2012,0.07,0
7/8/2012,0,0
7/9/2012,0,0
7/10/2012,0,0
7/11/2012,0,0
7/12/2012,0,0
7/13/2012,0,0
7/14/2012,0,0
7/15/2012,0.16,0
7/16/2012,0,0
7/17/2012,0,0
7/18/2012,0.21,0
7/19/2012,0,0
7/20/2012,0.45,0
7/21/2012,0,0
7/22/2012,0,0
7/23/2012,0.05,0
7/24/2012,0,0
7/25/2012,0,0
7/26/2012,0.49,0
7/27/2012,0,0
7/28/2012,0.07,0
7/29/2012,0,0
7/30/2012,0,0
7/31/2012,0,0
8/1/2012,0.07,0
8/2/2012,0,0
8/3/2012,0,0
8/4/2012,0,0
8/5/2012,0.18,0
8/6/2012,0.23,0
8/7/2012,0,0
8/8/2012,0,0
8/9/2012,0,0
8/10/2012,2.12,0
8/11/2012,0,0
8/12/2012,0,0
8/13/2012,0,0
8/14/2012,0,0
8/15/2012,0.44,0
8/16/2012,0,0
8/17/2012,0,0
8/18/2012,0.37,0
8/19/2012,0,0
8/20/2012,0,0
8/21/2012,0,0
8/22/2012,0,0
8/23/2012,0,0
8/24/2012,0,0
8/25/2012,0,0
8/26/2012,0,0
8/27/2012,0.52,0
8/28/2012,0.1,0
8/29/2012,0,0
8/30/2012,0,0
8/31/2012,0,0
9/1/2012,0,0
9/2/2012,0,0
9/3/2012,0.59,0
9/4/2012,0.62,0
9/5/2012,0.16,0
9/6/2012,0,0
9/7/2012,0,0
9/8/2012,0.3,0
9/9/2012,0,0
9/10/2012,0,0
9/11/2012,0,0
9/12/2012,0,0
9/13/2012,0,0
9/14/2012,0,0
9/15/2012,0,0
9/16/2012,0,0
9/17/2012,0,0
9/18/2012,1.58,0
9/19/2012,0.01,0
9/20/2012,0,0
9/21/2012,0,0
9/22/2012,0.29,0
9/23/2012,0,0
9/24/2012,0,0
9/25/2012,0,0
9/26/2012,0.03,0
9/27/2012,0,0
9/28/2012,0.44,0
9/29/2012,0.03,0
9/30/2012,0,0
10/1/2012,0,0
10/2/2012,0.33,0
10/3/2012,0,0
10/4/2012,0.41,0
10/5/2012,0,0
10/6/2012,0,0
10/7/2012,0.16,0
10/8/2012,0,0
10/9/2012,0.03,0
10/10/2012,0.22,0
10/11/2012,0,0
10/12/2012,0,0
10/13/2012,0,0
10/14/2012,0,0
10/15/2012,0.18,0
10/16/2012,0,0
10/17/2012,0,0
10/18/2012,0.02,0
10/19/2012,0.28,0
10/20/2012,0,0
10/21/2012,0,0
10/22/2012,0,0
10/23/2012,0.03,0
10/24/2012,0,0
10/25/2012,0,0
10/26/2012,0,0
10/27/2012,0,0
10/28/2012,0,0
10/29/2012,0.51,0
10/30/2012,0.04,0
10/31/2012,0.01,0
11/1/2012,0,0
11/2/2012,0,0
11/3/2012,0,0
11/4/2012,0,0
11/5/2012,0,0
11/6/2012,0,0
11/7/2012,0.97,4
11/8/2012,0.04,0.3
11/9/2012,0,0
11/10/2012,0,0
11/11/2012,0,0
11/12/2012,0,0
11/13/2012,0.08,0
11/14/2012,0,0
11/15/2012,0,0
11/16/2012,0,0
11/17/2012,0,0
11/18/2012,0,0
11/19/2012,0,0
11/20/2012,0,0
11/21/2012,0,0
11/22/2012,0,0
11/23/2012,0.03,0
11/24/2012,0.01,0
11/25/2012,0,0
11/26/2012,0,0
11/27/2012,0.43,0
11/28/2012,0,0
11/29/2012,0,0
11/30/2012,0,0
12/1/2012,0,0
12/2/2012,0.04,0
12/3/2012,0,0
12/4/2012,0.02,0
12/5/2012,0,0
12/6/2012,0,0
12/7/2012,0.13,0
12/8/2012,0.34,0
12/9/2012,0.32,0
12/10/2012,0.25,0
12/11/2012,0.05,0
12/12/2012,0,0
12/13/2012,0,0
12/14/2012,0,0
12/15/2012,0,0
12/16/2012,0.13,0
12/17/2012,0.28,0
12/18/2012,0.82,0
12/19/2012,0,0
12/20/2012,0,0
12/21/2012,0.71,0
12/22/2012,0,0
12/23/2012,0,0
12/24/2012,0.09,0
12/25/2012,0.02,0
12/26/2012,0.71,0
12/27/2012,0.77,0
12/28/2012,0,0
12/29/2012,0.26,0.4
12/30/2012,0,0
12/31/2012,0,0
1/1/2013,0,0
1/2/2013,0,0
1/3/2013,0,0
1/4/2013,0,0
1/5/2013,0,0
1/6/2013,0,0
1/7/2013,0,0
1/8/2013,0,0
1/9/2013,0,0
1/10/2013,0,0
1/11/2013,0.58,0
1/12/2013,0.06,0
1/13/2013,0.01,0
1/14/2013,0.03,0
1/15/2013,0.11,0
1/16/2013,0.82,0.1
1/17/2013,0,0
1/18/2013,0,0
1/19/2013,0,0
1/20/2013,0,0
1/21/2013,0.03,0.1
1/22/2013,0,0
1/23/2013,0,0
1/24/2013,0,0
1/25/2013,0.05,0.8
1/26/2013,0,0
1/27/2013,0,0
1/28/2013,0.19,0.1
1/29/2013,0.03,0
1/30/2013,0.03,0
1/31/2013,0.45,0
2/1/2013,0,0
2/2/2013,0.02,0.3
2/3/2013,0.03,0.5
2/4/2013,0,0
2/5/2013,0.01,0.2
2/6/2013,0,0
2/7/2013,0,0
2/8/2013,0.78,2.9
2/9/2013,0.18,3.5
2/10/2013,0,0
2/11/2013,0.46,0
2/12/2013,0,0
2/13/2013,0.01,0
2/14/2013,0,0
2/15/2013,0,0
2/16/2013,0,0
2/17/2013,0,0
2/18/2013,0,0
2/19/2013,0.13,0
2/20/2013,0,0
2/21/2013,0,0
2/22/2013,0,0
2/23/2013,0.38,0
2/24/2013,0.03,0
2/25/2013,0,0
2/26/2013,0.1,0
2/27/2013,0.6,0
2/28/2013,0,0
3/1/2013,0,0
3/2/2013,0,0
3/3/2013,0,0
3/4/2013,0,0
3/5/2013,0,0
3/6/2013,0,0
3/7/2013,0.07,0
3/8/2013,0.27,3
3/9/2013,0,0
3/10/2013,0,0
3/11/2013,0,0
3/12/2013,0.66,0
3/13/2013,0,0
3/14/2013,0,0
3/15/2013,0,0
3/16/2013,0.02,0
3/17/2013,0,0
3/18/2013,0.47,1.4
3/19/2013,0.46,0
3/20/2013,0,0
3/21/2013,0,0
3/22/2013,0,0
3/23/2013,0,0
3/24/2013,0,0
3/25/2013,0.25,0
3/26/2013,0,0
3/27/2013,0,0
3/28/2013,0,0
3/29/2013,0,0
3/30/2013,0,0
3/31/2013,0.12,0
4/1/2013,0,0
4/2/2013,0,0
4/3/2013,0,0
4/4/2013,0,0
4/5/2013,0,0
4/6/2013,0,0
4/7/2013,0,0
4/8/2013,0,0
4/9/2013,0,0
4/10/2013,0.59,0
4/11/2013,0,0
4/12/2013,0.87,0
4/13/2013,0.01,0
4/14/2013,0,0
4/15/2013,0,0
4/16/2013,0,0
4/17/2013,0.01,0
4/18/2013,0,0
4/19/2013,0.07,0
4/20/2013,0.18,0
4/21/2013,0,0
4/22/2013,0,0
4/23/2013,0,0
4/24/2013,0,0
4/25/2013,0,0
4/26/2013,0,0
4/27/2013,0,0
4/28/2013,0,0
4/29/2013,0.05,0
4/30/2013,0,0
5/1/2013,0,0
5/2/2013,0,0
5/3/2013,0,0
5/4/2013,0,0
5/5/2013,0,0
5/6/2013,0,0
5/7/2013,0,0
5/8/2013,1.54,0
5/9/2013,0.75,0
5/10/2013,0,0
5/11/2013,0.39,0
5/12/2013,0.02,0
5/13/2013,0,0
5/14/2013,0,0
5/15/2013,0.03,0
5/16/2013,0,0
5/17/2013,0,0
5/18/2013,0.01,0
5/19/2013,0.45,0
5/20/2013,0,0
5/21/2013,0,0
5/22/2013,0,0
5/23/2013,0.03,0
5/24/2013,0.2,0
5/25/2013,0.07,0
5/26/2013,0,0
5/27/2013,0,0
5/28/2013,0.54,0
5/29/2013,0,0
5/30/2013,0,0
5/31/2013,0,0
6/1/2013,0,0
6/2/2013,0.01,0
6/3/2013,0.37,0
6/4/2013,0,0
6/5/2013,0,0
6/6/2013,0.03,0
6/7/2013,4.01,0
6/8/2013,0.38,0
6/9/2013,0,0
6/10/2013,1.38,0
6/11/2013,0.02,0
6/12/2013,0,0
6/13/2013,0.99,0
6/14/2013,0.15,0
6/15/2013,0,0
6/16/2013,0,0
6/17/2013,0.13,0
6/18/2013,0.2,0
6/19/2013,0,0
6/20/2013,0,0
6/21/2013,0,0
6/22/2013,0,0
6/23/2013,0.03,0
6/24/2013,0,0
6/25/2013,0,0
6/26/2013,0.1,0
6/27/2013,0.13,0
6/28/2013,0,0
6/29/2013,0,0
6/30/2013,0.02,0
7/1/2013,0.98,0
7/2/2013,0.25,0
7/3/2013,0.09,0
7/4/2013,0,0
7/5/2013,0,0
7/6/2013,0,0
7/7/2013,0,0
7/8/2013,0,0
7/9/2013,0,0
7/10/2013,0.06,0
7/11/2013,0,0
7/12/2013,0.27,0
7/13/2013,0,0
7/14/2013,0,0
7/15/2013,0,0
7/16/2013,0,0
7/17/2013,0,0
7/18/2013,0,0
7/19/2013,0,0
7/20/2013,0.02,0
7/21/2013,0,0
7/22/2013,0.09,0
7/23/2013,0.4,0
7/24/2013,0,0
7/25/2013,0.03,0
7/26/2013,0,0
7/27/2013,0,0
7/28/2013,0.07,0
7/29/2013,0,0
7/30/2013,0,0
7/31/2013,0,0
8/1/2013,0.65,0
8/2/2013,0,0
8/3/2013,0,0
8/4/2013,0,0
8/5/2013,0,0
8/6/2013,0,0
8/7/2013,0,0
8/8/2013,0.72,0
8/9/2013,0.01,0
8/10/2013,0,0
8/11/2013,0,0
8/12/2013,0.48,0
8/13/2013,0.74,0
8/14/2013,0,0
8/15/2013,0,0
8/16/2013,0,0
8/17/2013,0,0
8/18/2013,0,0
8/19/2013,0,0
8/20/2013,0,0
8/21/2013,0,0
8/22/2013,0.08,0
8/23/2013,0,0
8/24/2013,0,0
8/25/2013,0,0
8/26/2013,0.02,0
8/27/2013,0.03,0
8/28/2013,0,0
8/29/2013,0,0
8/30/2013,0,0
8/31/2013,0,0
9/1/2013,0.02,0
9/2/2013,0,0
9/3/2013,0.01,0
9/4/2013,0,0
9/5/2013,0,0
9/6/2013,0,0
9/7/2013,0,0
9/8/2013,0,0
9/9/2013,0,0
9/10/2013,0,0
9/11/2013,0,0
9/12/2013,0.29,0
9/13/2013,0.09,0
9/14/2013,0,0
9/15/2013,0,0
9/16/2013,0.02,0
9/17/2013,0,0
9/18/2013,0,0
9/19/2013,0,0
9/20/2013,0,0
9/21/2013,0.33,0
9/22/2013,1.16,0
9/23/2013,0,0
9/24/2013,0,0
9/25/2013,0,0
9/26/2013,0,0
9/27/2013,0,0
9/28/2013,0,0
9/29/2013,0,0
9/30/2013,0,0
10/1/2013,0,0
10/2/2013,0,0
10/3/2013,0,0
10/4/2013,0,0
10/5/2013,0.01,0
10/6/2013,0,0
10/7/2013,0.26,0
10/8/2013,0,0
10/9/2013,0,0
10/10/2013,0,0
10/11/2013,0,0
10/12/2013,0,0
10/13/2013,0,0
10/14/2013,0,0
10/15/2013,0,0
10/16/2013,0,0
10/17/2013,0.01,0
10/18/2013,0,0
10/19/2013,0,0
10/20/2013,0,0
10/21/2013,0,0
10/22/2013,0,0
10/23/2013,0,0
10/24/2013,0,0
10/25/2013,0,0
10/26/2013,0,0
10/27/2013,0,0
10/28/2013,0,0
10/29/2013,0,0
10/30/2013,0,0
10/31/2013,0.05,0
11/1/2013,0.07,0
11/2/2013,0,0
11/3/2013,0,0
11/4/2013,0,0
11/5/2013,0,0
11/6/2013,0,0
11/7/2013,0.13,0
11/8/2013,0,0
11/9/2013,0,0
11/10/2013,0,0
11/11/2013,0,0
11/12/2013,0.05,0.2
11/13/2013,0,0
11/14/2013,0,0
11/15/2013,0,0
11/16/2013,0.08,0
11/17/2013,0.01,0
11/18/2013,0.16,0
11/19/2013,0,0
11/20/2013,0,0
11/21/2013,0,0
11/22/2013,0.07,0
11/23/2013,0,0
11/24/2013,0,0
11/25/2013,0,0
11/26/2013,0.56,0
11/27/2013,1.41,0
11/28/2013,0,0
11/29/2013,0,0
11/30/2013,0,0
12/1/2013,0,0
12/2/2013,0,0
12/3/2013,0,0
12/4/2013,0,0
12/5/2013,0.01,0
12/6/2013,0.57,0
12/7/2013,0.17,0
12/8/2013,0.03,0.7
12/9/2013,0.25,0
12/10/2013,0.28,2.1
12/11/2013,0,0
12/12/2013,0,0
12/13/2013,0,0
12/14/2013,0.57,3.2
12/15/2013,0.82,0
12/16/2013,0,0
12/17/2013,0.13,0.7
12/18/2013,0,0
12/19/2013,0,0
12/20/2013,0,0
12/21/2013,0,0
12/22/2013,0,0
12/23/2013,0.49,0
12/24/2013,0,0
12/25/2013,0,0
12/26/2013,0,0
12/27/2013,0,0
12/28/2013,0,0
12/29/2013,1.18,0
12/30/2013,0,0
12/31/2013,0,0
1/1/2014,0,0
1/2/2014,0.13,2.4
1/3/2014,0.22,5.5
1/4/2014,0,0
1/5/2014,0.1,0
1/6/2014,0.41,0
1/7/2014,0,0
1/8/2014,0,0
1/9/2014,0,0
1/10/2014,0.19,0.1
1/11/2014,0.72,0
1/12/2014,0,0
1/13/2014,0,0
1/14/2014,0.55,0
1/15/2014,0,0
1/16/2014,0,0
1/17/2014,0,0
1/18/2014,0.24,0.1
1/19/2014,0,0
1/20/2014,0,0
1/21/2014,0.35,6.8
1/22/2014,0.01,0.3
1/23/2014,0,0
1/24/2014,0,0
1/25/2014,0.04,0.8
1/26/2014,0,0
1/27/2014,0,0
1/28/2014,0,0
1/29/2014,0.05,1
1/30/2014,0,0
1/31/2014,0,0
2/1/2014,0,0
2/2/2014,0,0
2/3/2014,1.08,6.7
2/4/2014,0,0
2/5/2014,1.2,2.2
2/6/2014,0,0
2/7/2014,0,0
2/8/2014,0,0
2/9/2014,0.13,1.5
2/10/2014,0,0
2/11/2014,0,0
2/12/2014,0,0
2/13/2014,1.27,5.5
2/14/2014,0.13,1.4
2/15/2014,0.11,1.6
2/16/2014,0,0
2/17/2014,0,0
2/18/2014,0.15,1.6
2/19/2014,0.31,0
2/20/2014,0.02,0
2/21/2014,0.14,0
2/22/2014,0,0
2/23/2014,0,0
2/24/2014,0.02,0
2/25/2014,0,0
2/26/2014,0.03,0.5
2/27/2014,0,0
2/28/2014,0,0
3/1/2014,0,0
3/2/2014,0,0
3/3/2014,0.04,0.6
3/4/2014,0,0
3/5/2014,0,0
3/6/2014,0,0
3/7/2014,0,0
3/8/2014,0,0
3/9/2014,0,0
3/10/2014,0,0
3/11/2014,0,0
3/12/2014,0.15,0
3/13/2014,0,0
3/14/2014,0,0
3/15/2014,0.01,0
3/16/2014,0,0
3/17/2014,0,0
3/18/2014,0,0
3/19/2014,0.72,0
3/20/2014,0,0
3/21/2014,0,0
3/22/2014,0,0
3/23/2014,0,0
3/24/2014,0,0
3/25/2014,0,0
3/26/2014,0,0
3/27/2014,0,0
3/28/2014,0,0
3/29/2014,2.6,0
3/30/2014,0.53,0
3/31/2014,0.21,0
4/1/2014,0,0
4/2/2014,0.03,0
4/3/2014,0.08,0
4/4/2014,0.1,0
4/5/2014,0,0
4/6/2014,0,0
4/7/2014,0.35,0
4/8/2014,0.25,0
4/9/2014,0,0
4/10/2014,0,0
4/11/2014,0,0
4/12/2014,0,0
4/13/2014,0,0
4/14/2014,0,0
4/15/2014,0.65,0.1
4/16/2014,0.08,0
4/17/2014,0,0
4/18/2014,0,0
4/19/2014,0,0
4/20/2014,0,0
4/21/2014,0,0
4/22/2014,0,0
4/23/2014,0,0
4/24/2014,0,0
4/25/2014,0,0
4/26/2014,0.71,0
4/27/2014,0,0
4/28/2014,0,0
4/29/2014,0.05,0
4/30/2014,4.68,0
5/1/2014,0.24,0
5/2/2014,0.01,0
5/3/2014,0,0
5/4/2014,0,0
5/5/2014,0,0
5/6/2014,0,0
5/7/2014,0,0
5/8/2014,0.38,0
5/9/2014,0.04,0
5/10/2014,0.79,0
5/11/2014,0.02,0
5/12/2014,0,0
5/13/2014,0,0
5/14/2014,0,0
5/15/2014,0.14,0
5/16/2014,1.26,0
5/17/2014,0,0
5/18/2014,0,0
5/19/2014,0,0
5/20/2014,0,0
5/21/2014,0,0
5/22/2014,0.32,0
5/23/2014,0.32,0
5/24/2014,0.05,0
5/25/2014,0,0
5/26/2014,0,0
5/27/2014,0,0
5/28/2014,0,0
5/29/2014,0,0
5/30/2014,0.03,0
5/31/2014,0,0
6/1/2014,0,0
6/2/2014,0,0
6/3/2014,0,0
6/4/2014,0,0
6/5/2014,0.5,0
6/6/2014,0,0
6/7/2014,0,0
6/8/2014,0,0
6/9/2014,0.95,0
6/10/2014,0,0
6/11/2014,0,0
6/12/2014,0.01,0
6/13/2014,0.99,0
6/14/2014,0,0
6/15/2014,0,0
6/16/2014,0,0
6/17/2014,0,0
6/18/2014,0,0
6/19/2014,0.05,0
6/20/2014,0,0
6/21/2014,0,0
6/22/2014,0,0
6/23/2014,0,0
6/24/2014,0,0
6/25/2014,0.09,0
6/26/2014,0.02,0
6/27/2014,0,0
6/28/2014,0,0
6/29/2014,0,0
6/30/2014,0,0
7/1/2014,0,0
7/2/2014,0.52,0
7/3/2014,0.35,0
7/4/2014,0.32,0
7/5/2014,0,0
7/6/2014,0,0
7/7/2014,0,0
7/8/2014,0,0
7/9/2014,0.01,0
7/10/2014,0.03,0
7/11/2014,0,0
7/12/2014,0,0
7/13/2014,0.06,0
7/14/2014,1.87,0
7/15/2014,1.03,0
7/16/2014,0.01,0
7/17/2014,0,0
7/18/2014,0,0
7/19/2014,0,0
7/20/2014,0,0
7/21/2014,0,0
7/22/2014,0,0
7/23/2014,0.02,0
7/24/2014,0,0
7/25/2014,0,0
7/26/2014,0.09,0
7/27/2014,0.01,0
7/28/2014,0.51,0
7/29/2014,0,0
7/30/2014,0,0
7/31/2014,0,0
8/1/2014,0,0
8/2/2014,0.4,0
8/3/2014,0.09,0
8/4/2014,0,0
8/5/2014,0,0
8/6/2014,0,0
8/7/2014,0,0
8/8/2014,0,0
8/9/2014,0,0
8/10/2014,0,0
8/11/2014,0,0
8/12/2014,0.34,0
8/13/2014,2.92,0
8/14/2014,0,0
8/15/2014,0,0
8/16/2014,0,0
8/17/2014,0,0
8/18/2014,0,0
8/19/2014,0,0
8/20/2014,0,0
8/21/2014,0.21,0
8/22/2014,0.13,0
8/23/2014,0,0
8/24/2014,0,0
8/25/2014,0,0
8/26/2014,0,0
8/27/2014,0,0
8/28/2014,0,0
8/29/2014,0,0
8/30/2014,0,0
8/31/2014,0.14,0
9/1/2014,0,0
9/2/2014,0,0
9/3/2014,0,0
9/4/2014,0,0
9/5/2014,0,0
9/6/2014,0.04,0
9/7/2014,0,0
9/8/2014,0,0
9/9/2014,0,0
9/10/2014,0,0
9/11/2014,0,0
9/12/2014,0,0
9/13/2014,0.29,0
9/14/2014,0,0
9/15/2014,0,0
9/16/2014,0.26,0
9/17/2014,0,0
9/18/2014,0,0
9/19/2014,0,0
9/20/2014,0.37,0
9/21/2014,0.21,0
9/22/2014,0,0
9/23/2014,0,0
9/24/2014,0,0
9/25/2014,0.23,0
9/26/2014,0,0
9/27/2014,0,0
9/28/2014,0,0
9/29/2014,0,0
9/30/2014,0.03,0
10/1/2014,0,0
10/2/2014,0,0
10/3/2014,0,0
10/4/2014,0.7,0
10/5/2014,0,0
10/6/2014,0,0
10/7/2014,0.02,0
10/8/2014,0.02,0
10/9/2014,0,0
10/10/2014,0,0
10/11/2014,0.45,0
10/12/2014,0,0
10/13/2014,0.08,0
10/14/2014,0,0
10/15/2014,0.01,0
10/16/2014,0.78,0
10/17/2014,0,0
10/18/2014,0,0
10/19/2014,0,0
10/20/2014,0,0
10/21/2014,0.05,0
10/22/2014,1.42,0
10/23/2014,0.12,0
10/24/2014,0,0
10/25/2014,0,0
10/26/2014,0,0
10/27/2014,0,0
10/28/2014,0,0
10/29/2014,0.03,0
10/30/2014,0,0
10/31/2014,0.01,0
11/1/2014,1.03,0
11/2/2014,0,0
11/3/2014,0,0
11/4/2014,0,0
11/5/2014,0,0
11/6/2014,0.43,0
11/7/2014,0,0
11/8/2014,0,0
11/9/2014,0,0
11/10/2014,0,0
11/11/2014,0,0
11/12/2014,0,0
11/13/2014,0.11,0
11/14/2014,0.07,0
11/15/2014,0,0
11/16/2014,0,0
11/17/2014,1.37,0
11/18/2014,0,0
11/19/2014,0,0
11/20/2014,0,0
11/21/2014,0,0
11/22/2014,0,0
11/23/2014,0,0
11/24/2014,0.45,0
11/25/2014,0,0
11/26/2014,1,0.1
11/27/2014,0.02,0
11/28/2014,0,0
11/29/2014,0,0
11/30/2014,0,0
12/1/2014,0.07,0
12/2/2014,0.09,0
12/3/2014,0.15,0
12/4/2014,0,0
12/5/2014,0.55,0
12/6/2014,1.24,0
12/7/2014,0.05,0
12/8/2014,0,0
12/9/2014,3.04,0
12/10/2014,0.11,0.3
12/11/2014,0,0
12/12/2014,0,0
12/13/2014,0,0
12/14/2014,0,0
12/15/2014,0,0
12/16/2014,0.3,0
12/17/2014,0.03,0
12/18/2014,0,0
12/19/2014,0,0
12/20/2014,0,0
12/21/2014,0,0
12/22/2014,0.04,0
12/23/2014,0.21,0
12/24/2014,1.05,0
12/25/2014,0.06,0
12/26/2014,0,0
12/27/2014,0,0
12/28/2014,0.05,0
12/29/2014,0,0
12/30/2014,0,0
12/31/2014,0,0
1/1/2015,0,0
1/2/2015,0,0
1/3/2015,0.94,0
1/4/2015,0.47,0
1/5/2015,0,0
1/6/2015,0.07,1.1
1/7/2015,0,0
1/8/2015,0,0
1/9/2015,0.07,1.3
1/10/2015,0,0
1/11/2015,0,0
1/12/2015,0.7,0
1/13/2015,0,0
1/14/2015,0,0
1/15/2015,0,0
1/16/2015,0,0
1/17/2015,0,0
1/18/2015,1.62,0
1/19/2015,0,0
1/20/2015,0,0
1/21/2015,0,0
1/22/2015,0,0
1/23/2015,0,0
1/24/2015,0.75,3.4
1/25/2015,0,0
1/26/2015,0.33,5.1
1/27/2015,0.31,5.6
1/28/2015,0,0
1/29/2015,0.01,0
1/30/2015,0.04,0.6
1/31/2015,0,0
2/1/2015,0.03,0.3
2/2/2015,1.18,4.2
2/3/2015,0,0
2/4/2015,0,0
2/5/2015,0,0.1
2/6/2015,0,0
2/7/2015,0,0
2/8/2015,0,0
2/9/2015,0.14,0.1
2/10/2015,0,0
2/11/2015,0,0
2/12/2015,0,0
2/13/2015,0,0
2/14/2015,0.01,0.4
2/15/2015,0.01,0.3
2/16/2015,0,0
2/17/2015,0.19,3.5
2/18/2015,0,0
2/19/2015,0,0
2/20/2015,0,0
2/21/2015,0.59,4.5
2/22/2015,0.2,0.2
2/23/2015,0,0
2/24/2015,0,0
2/25/2015,0,0
2/26/2015,0,0
2/27/2015,0,0
2/28/2015,0,0
3/1/2015,0.51,3.1
3/2/2015,0,0
3/3/2015,0.7,1.2
3/4/2015,0.3,0
3/5/2015,0.73,5.8
3/6/2015,0,0
3/7/2015,0,0
3/8/2015,0,0
3/9/2015,0.02,0
3/10/2015,0.49,0
3/11/2015,0.02,0
3/12/2015,0,0
3/13/2015,0,0
3/14/2015,1.11,0
3/15/2015,0,0
3/16/2015,0,0
3/17/2015,0.02,0
3/18/2015,0,0
3/19/2015,0,0
3/20/2015,0.33,3
3/21/2015,0.02,0
3/22/2015,0,0
3/23/2015,0,0
3/24/2015,0,0
3/25/2015,0.12,0
3/26/2015,0.25,0
3/27/2015,0.23,0
3/28/2015,0,0
3/29/2015,0,0
3/30/2015,0,0
3/31/2015,0.03,0
4/1/2015,0,0
4/2/2015,0,0
4/3/2015,0.11,0
4/4/2015,0,0
4/5/2015,0,0
4/6/2015,0,0
4/7/2015,0.03,0
4/8/2015,0.01,0
4/9/2015,0,0
4/10/2015,0.19,0
4/11/2015,0,0
4/12/2015,0,0
4/13/2015,0,0
4/14/2015,0.04,0
4/15/2015,0,0
4/16/2015,0,0
4/17/2015,0.11,0
4/18/2015,0,0
4/19/2015,0,0
4/20/2015,0.87,0
4/21/2015,0.06,0
4/22/2015,0.19,0
4/23/2015,0,0
4/24/2015,0,0
4/25/2015,0,0
4/26/2015,0,0
4/27/2015,0,0
4/28/2015,0,0
4/29/2015,0,0
4/30/2015,0,0
5/1/2015,0,0
5/2/2015,0,0
5/3/2015,0,0
5/4/2015,0,0
5/5/2015,0,0
5/6/2015,0,0
5/7/2015,0,0
5/8/2015,0,0
5/9/2015,0.02,0
5/10/2015,0,0
5/11/2015,0,0
5/12/2015,0.01,0
5/13/2015,0,0
5/14/2015,0,0
5/15/2015,0,0
5/16/2015,0.41,0
5/17/2015,0,0
5/18/2015,0,0
5/19/2015,0,0
5/20/2015,0,0
5/21/2015,0,0
5/22/2015,0,0
5/23/2015,0,0
5/24/2015,0,0
5/25/2015,0,0
5/26/2015,0,0
5/27/2015,0,0
5/28/2015,0,0
5/29/2015,0,0
5/30/2015,0,0
5/31/2015,0.02,0
6/1/2015,0.78,0
6/2/2015,0.34,0
6/3/2015,0,0
6/4/2015,0,0
6/5/2015,0,0
6/6/2015,0.2,0
6/7/2015,0,0
6/8/2015,0.02,0
6/9/2015,0,0
6/10/2015,0,0
6/11/2015,0,0
6/12/2015,0,0
6/13/2015,0,0
6/14/2015,0.31,0
6/15/2015,1.09,0
6/16/2015,0.08,0
6/17/2015,0,0
6/18/2015,0,0
6/19/2015,0,0
6/20/2015,0.32,0
6/21/2015,0.51,0
6/22/2015,0,0
6/23/2015,0.02,0
6/24/2015,0,0
6/25/2015,0,0
6/26/2015,0,0
6/27/2015,1.02,0
6/28/2015,0.3,0
6/29/2015,0,0
6/30/2015,0,0
7/1/2015,0.26,0
7/2/2015,0.03,0
7/3/2015,0,0
7/4/2015,0.01,0
7/5/2015,0,0
7/6/2015,0,0
7/7/2015,0,0
7/8/2015,0.53,0
7/9/2015,0.32,0
7/10/2015,0,0
7/11/2015,0,0
7/12/2015,0,0
7/13/2015,0,0
7/14/2015,0.13,0
7/15/2015,0.04,0
7/16/2015,0,0
7/17/2015,0,0
7/18/2015,0.02,0
7/19/2015,0,0
7/20/2015,0,0
7/21/2015,0,0
7/22/2015,0,0
7/23/2015,0,0
7/24/2015,0,0
7/25/2015,0,0
7/26/2015,0,0
7/27/2015,0,0
7/28/2015,0,0
7/29/2015,0,0
7/30/2015,0.97,0
7/31/2015,0,0
8/1/2015,0,0
8/2/2015,0,0
8/3/2015,0,0
8/4/2015,0.01,0
8/5/2015,0,0
8/6/2015,0,0
8/7/2015,0,0
8/8/2015,0,0
8/9/2015,0,0
8/10/2015,0,0
8/11/2015,1.13,0
8/12/2015,0,0
8/13/2015,0,0
8/14/2015,0,0
8/15/2015,0,0
8/16/2015,0,0
8/17/2015,0,0
8/18/2015,0,0
8/19/2015,0,0
8/20/2015,0,0
8/21/2015,2.48,0
8/22/2015,0,0
8/23/2015,0,0
8/24/2015,0,0
8/25/2015,0.01,0
8/26/2015,0,0
8/27/2015,0,0
8/28/2015,0,0
8/29/2015,0,0
8/30/2015,0,0
8/31/2015,0,0
9/1/2015,0,0
9/2/2015,0,0
9/3/2015,0,0
9/4/2015,0,0
9/5/2015,0,0
9/6/2015,0,0
9/7/2015,0,0
9/8/2015,0,0
9/9/2015,0.07,0
9/10/2015,1.18,0
9/11/2015,0.03,0
9/12/2015,0.27,0
9/13/2015,0.04,0
9/14/2015,0,0
9/15/2015,0,0
9/16/2015,0,0
9/17/2015,0,0
9/18/2015,0,0
9/19/2015,0,0
9/20/2015,0,0
9/21/2015,0,0
9/22/2015,0,0
9/23/2015,0,0
9/24/2015,0,0
9/25/2015,0,0
9/26/2015,0,0
9/27/2015,0,0
9/28/2015,0.04,0
9/29/2015,0.13,0
9/30/2015,0.82,0
10/1/2015,0.08,0
10/2/2015,1.81,0
10/3/2015,0.16,0
10/4/2015,0,0
10/5/2015,0,0
10/6/2015,0,0
10/7/2015,0,0
10/8/2015,0,0
10/9/2015,0.28,0
10/10/2015,0,0
10/11/2015,0,0
10/12/2015,0,0
10/13/2015,0,0
10/14/2015,0,0
10/15/2015,0,0
10/16/2015,0,0
10/17/2015,0,0
10/18/2015,0,0
10/19/2015,0,0
10/20/2015,0,0
10/21/2015,0,0
10/22/2015,0,0
10/23/2015,0,0
10/24/2015,0,0
10/25/2015,0.02,0
10/26/2015,0,0
10/27/2015,0,0
10/28/2015,1.79,0
10/29/2015,0.06,0
10/30/2015,0,0
10/31/2015,0,0
11/1/2015,0,0
11/2/2015,0,0
11/3/2015,0,0
11/4/2015,0,0
11/5/2015,0.01,0
11/6/2015,0,0
11/7/2015,0,0
11/8/2015,0,0
11/9/2015,0,0
11/10/2015,0.45,0
11/11/2015,0.09,0
11/12/2015,0.05,0
11/13/2015,0,0
11/14/2015,0,0
11/15/2015,0,0
11/16/2015,0,0
11/17/2015,0,0
11/18/2015,0,0
11/19/2015,0.58,0
11/20/2015,0,0
11/21/2015,0,0
11/22/2015,0,0
11/23/2015,0,0
11/24/2015,0,0
11/25/2015,0,0
11/26/2015,0,0
11/27/2015,0,0
11/28/2015,0.02,0
11/29/2015,0,0
11/30/2015,0,0
12/1/2015,0.29,0
12/2/2015,0.12,0
12/3/2015,0,0
12/4/2015,0,0
12/5/2015,0,0
12/6/2015,0,0
12/7/2015,0,0
12/8/2015,0,0
12/9/2015,0,0
12/10/2015,0,0
12/11/2015,0,0
12/12/2015,0,0
12/13/2015,0,0
12/14/2015,0.36,0
12/15/2015,0.09,0
12/16/2015,0.05,0
12/17/2015,1.17,0
12/18/2015,0.01,0
12/19/2015,0,0
12/20/2015,0,0
12/21/2015,0,0
12/22/2015,0.19,0
12/23/2015,1.16,0
12/24/2015,0.02,0
12/25/2015,0.1,0
12/26/2015,0.01,0
12/27/2015,0.08,0
12/28/2015,0.05,0.1
12/29/2015,0.66,0
12/30/2015,0.37,0
12/31/2015,0.06,0
1/1/2016,0,0
1/2/2016,0,0
1/3/2016,0,0
1/4/2016,0,0
1/5/2016,0,0
1/6/2016,0,0
1/7/2016,0,0
1/8/2016,0,0
1/9/2016,0.02,0
1/10/2016,1.28,0
1/11/2016,0,0
1/12/2016,0,0
1/13/2016,0,0
1/14/2016,0,0
1/15/2016,0,0
1/16/2016,0.33,0
1/17/2016,0.05,0.6
1/18/2016,0,0.1
1/19/2016,0,0
1/20/2016,0,0
1/21/2016,0,0
1/22/2016,0.01,0.2
1/23/2016,2.9,30.3
1/24/2016,0,0.1
1/25/2016,0,0
1/26/2016,0,0
1/27/2016,0,0
1/28/2016,0,0
1/29/2016,0,0
1/30/2016,0,0
1/31/2016,0,0
2/1/2016,0,0
2/2/2016,0,0
2/3/2016,0.44,0
2/4/2016,0.04,0
2/5/2016,0.76,4.6
2/6/2016,0,0
2/7/2016,0,0
2/8/2016,0.16,1.7
2/9/2016,0,0
2/10/2016,0.02,0.1
2/11/2016,0,0
2/12/2016,0,0
2/13/2016,0,0
2/14/2016,0,0
2/15/2016,0.64,1.7
2/16/2016,0.47,0
2/17/2016,0,0
2/18/2016,0,0
2/19/2016,0,0
2/20/2016,0,0
2/21/2016,0.08,0
2/22/2016,0,0
2/23/2016,0.29,0
2/24/2016,1.05,0
2/25/2016,0.04,0
2/26/2016,0,0
2/27/2016,0,0
2/28/2016,0,0
2/29/2016,0.06,0
3/1/2016,0,0
3/2/2016,0.16,0
3/3/2016,0,0
3/4/2016,0.13,1.4
3/5/2016,0,0
3/6/2016,0,0
3/7/2016,0,0
3/8/2016,0,0
3/9/2016,0,0
3/10/2016,0,0
3/11/2016,0.02,0
3/12/2016,0,0
3/13/2016,0,0
3/14/2016,0.47,0
3/15/2016,0,0
3/16/2016,0.01,0
3/17/2016,0,0
3/18/2016,0,0
3/19/2016,0,0
3/20/2016,0.03,0.1
3/21/2016,0.09,0.4
3/22/2016,0,0
3/23/2016,0,0
3/24/2016,0,0
3/25/2016,0,0
3/26/2016,0,0
3/27/2016,0,0
3/28/2016,0.48,0
3/29/2016,0,0
3/30/2016,0,0
3/31/2016,0,0
4/1/2016,0.02,0
4/2/2016,0.27,0
4/3/2016,0.1,0
4/4/2016,0.32,0
4/5/2016,0,0
4/6/2016,0,0
4/7/2016,0.06,0
4/8/2016,0,0
4/9/2016,0.09,0
4/10/2016,0,0
4/11/2016,0,0
4/12/2016,0.17,0
4/13/2016,0,0
4/14/2016,0,0
4/15/2016,0,0
4/16/2016,0,0
4/17/2016,0,0
4/18/2016,0,0
4/19/2016,0,0
4/20/2016,0,0
4/21/2016,0,0
4/22/2016,0.02,0
4/23/2016,0.12,0
4/24/2016,0,0
4/25/2016,0,0
4/26/2016,0.04,0
4/27/2016,0,0
4/28/2016,0,0
4/29/2016,0.03,0
4/30/2016,0,0
5/1/2016,0.22,0
5/2/2016,0.05,0
5/3/2016,0.75,0
5/4/2016,0.07,0
5/5/2016,0,0
5/6/2016,0.68,0
5/7/2016,0,0
5/8/2016,0.11,0
5/9/2016,0,0
5/10/2016,0,0
5/11/2016,0,0
5/12/2016,0,0
5/13/2016,0.25,0
5/14/2016,0,0
5/15/2016,0,0
5/16/2016,0,0
5/17/2016,0,0
5/18/2016,0.02,0
5/19/2016,0,0
5/20/2016,0,0
5/21/2016,0.1,0
5/22/2016,0.06,0
5/23/2016,0,0
5/24/2016,0.34,0
5/25/2016,0,0
5/26/2016,0,0
5/27/2016,0,0
5/28/2016,0,0
5/29/2016,0.01,0
5/30/2016,1.05,0
5/31/2016,0,0
6/1/2016,0,0
6/2/2016,0,0
6/3/2016,0.01,0
6/4/2016,0,0
6/5/2016,0.67,0
6/6/2016,0,0
6/7/2016,0,0
6/8/2016,0.66,0
6/9/2016,0,0
6/10/2016,0,0
6/11/2016,0,0
6/12/2016,0,0
6/13/2016,0,0
6/14/2016,0,0
6/15/2016,0,0
6/16/2016,0.04,0
6/17/2016,0,0
6/18/2016,0,0
6/19/2016,0,0
6/20/2016,0,0
6/21/2016,0,0
6/22/2016,0,0
6/23/2016,0,0
6/24/2016,0,0
6/25/2016,0,0
6/26/2016,0,0
6/27/2016,0.09,0
6/28/2016,0.14,0
6/29/2016,0,0
6/30/2016,0,0
7/1/2016,0.45,0
7/2/2016,0,0
7/3/2016,0,0
7/4/2016,0.52,0
7/5/2016,0.47,0
7/6/2016,0,0
7/7/2016,0.07,0
7/8/2016,0.02,0
7/9/2016,0.25,0
7/10/2016,0,0
7/11/2016,0,0
7/12/2016,0,0
7/13/2016,0,0
7/14/2016,0.28,0
7/15/2016,0,0
7/16/2016,0.07,0
7/17/2016,0,0
7/18/2016,0.18,0
7/19/2016,0,0
7/20/2016,0,0
7/21/2016,0,0
7/22/2016,0,0
7/23/2016,0,0
7/24/2016,0,0
7/25/2016,2.47,0
7/26/2016,0,0
7/27/2016,0,0
7/28/2016,0,0
7/29/2016,0.65,0
7/30/2016,0.18,0
7/31/2016,0.45,0
8/1/2016,0,0
8/2/2016,0,0
8/3/2016,0,0
8/4/2016,0,0
8/5/2016,0,0
8/6/2016,0.18,0
8/7/2016,0,0
8/8/2016,0,0
8/9/2016,0,0
8/10/2016,0.05,0
8/11/2016,0.06,0
8/12/2016,0.01,0
8/13/2016,0,0
8/14/2016,0.01,0
8/15/2016,0,0
8/16/2016,0,0
8/17/2016,0.01,0
8/18/2016,0.01,0
8/19/2016,0,0
8/20/2016,0.03,0
8/21/2016,0.26,0
8/22/2016,0,0
8/23/2016,0,0
8/24/2016,0,0
8/25/2016,0,0
8/26/2016,0,0
8/27/2016,0,0
8/28/2016,0,0
8/29/2016,0,0
8/30/2016,0,0
8/31/2016,0,0
9/1/2016,0.5,0
9/2/2016,0,0
9/3/2016,0,0
9/4/2016,0,0
9/5/2016,0,0
9/6/2016,0.16,0
9/7/2016,0.01,0
9/8/2016,0,0
9/9/2016,0,0
9/10/2016,0,0
9/11/2016,0,0
9/12/2016,0,0
9/13/2016,0,0
9/14/2016,0.43,0
9/15/2016,0,0
9/16/2016,0,0
9/17/2016,0,0
9/18/2016,0,0
9/19/2016,0.97,0
9/20/2016,0,0
9/21/2016,0,0
9/22/2016,0,0
9/23/2016,0,0
9/24/2016,0.29,0
9/25/2016,0,0
9/26/2016,0,0
9/27/2016,0.18,0
9/28/2016,0,0
9/29/2016,0.02,0
9/30/2016,0.31,0
10/1/2016,0.01,0
10/2/2016,0,0
10/3/2016,0,0
10/4/2016,0,0
10/5/2016,0,0
10/6/2016,0,0
10/7/2016,0,0
10/8/2016,0.49,0
10/9/2016,0.84,0
10/10/2016,0,0
10/11/2016,0,0
10/12/2016,0,0
10/13/2016,0.01,0
10/14/2016,0,0
10/15/2016,0,0
10/16/2016,0,0
10/17/2016,0,0
10/18/2016,0,0
10/19/2016,0,0
10/20/2016,0,0
10/21/2016,0.92,0
10/22/2016,0.37,0
10/23/2016,0,0
10/24/2016,0,0
10/25/2016,0,0
10/26/2016,0,0
10/27/2016,0.54,0
10/28/2016,0,0
10/29/2016,0,0
10/30/2016,0.15,0
10/31/2016,0,0
11/1/2016,0,0
11/2/2016,0,0
11/3/2016,0,0
11/4/2016,0,0
11/5/2016,0,0
11/6/2016,0,0
11/7/2016,0,0
11/8/2016,0,0
11/9/2016,0.01,0
11/10/2016,0,0
11/11/2016,0,0
11/12/2016,0,0
11/13/2016,0,0
11/14/2016,0,0
11/15/2016,1.23,0
11/16/2016,0,0
11/17/2016,0,0
11/18/2016,0,0
11/19/2016,0.07,0
11/20/2016,0.27,0
11/21/2016,0,0
11/22/2016,0,0
11/23/2016,0,0
11/24/2016,0,0
11/25/2016,0,0
11/26/2016,0,0
11/27/2016,0,0
11/28/2016,0,0
11/29/2016,1.42,0
11/30/2016,0.48,0
12/1/2016,0.03,0
12/2/2016,0,0
12/3/2016,0,0
12/4/2016,0,0
12/5/2016,0.22,0
12/6/2016,0.37,0
12/7/2016,0.07,0
12/8/2016,0,0
12/9/2016,0,0
12/10/2016,0,0
12/11/2016,0.02,0.3
12/12/2016,0.6,0
12/13/2016,0,0
12/14/2016,0,0
12/15/2016,0,0
12/16/2016,0,0
12/17/2016,0.74,3
12/18/2016,0.05,0
12/19/2016,0,0
12/20/2016,0,0
12/21/2016,0,0
12/22/2016,0,0
12/23/2016,0,0
12/24/2016,0.6,0
12/25/2016,0,0
12/26/2016,0,0
12/27/2016,0,0
12/28/2016,0,0
12/29/2016,0.36,0
12/30/2016,0,0
12/31/2016,0,0
1/1/2017,0,0
1/2/2017,0.31,0
1/3/2017,0.46,0
1/4/2017,0,0
1/5/2017,0,0
1/6/2017,0.03,1.1
1/7/2017,0.22,8.2
1/8/2017,0,0
1/9/2017,0,0
1/10/2017,0,0
1/11/2017,0.46,0
1/12/2017,0.1,0
1/13/2017,0,0
1/14/2017,0.15,1.8
1/15/2017,0,0
1/16/2017,0,0
1/17/2017,0.59,0
1/18/2017,0.09,0
1/19/2017,0,0
1/20/2017,0.08,0
1/21/2017,0,0
1/22/2017,0.01,0
1/23/2017,0.84,0
1/24/2017,1.22,0
1/25/2017,0,0
1/26/2017,0.03,0
1/27/2017,0,0
1/28/2017,0,0
1/29/2017,0,0
1/30/2017,0,0
1/31/2017,0.05,0.6
2/1/2017,0,0
2/2/2017,0,0
2/3/2017,0,0
2/4/2017,0,0
2/5/2017,0,0
2/6/2017,0,0
2/7/2017,0.1,0
2/8/2017,0,0
2/9/2017,0.74,8.3
2/10/2017,0,0
2/11/2017,0,0
2/12/2017,0.4,0.1
2/13/2017,0,0
2/14/2017,0,0
2/15/2017,0,0
2/16/2017,0,0
2/17/2017,0,0
2/18/2017,0,0
2/19/2017,0,0
2/20/2017,0,0
2/21/2017,0,0
2/22/2017,0,0
2/23/2017,0,0
2/24/2017,0,0
2/25/2017,0.34,0
2/26/2017,0,0
2/27/2017,0,0
2/28/2017,0,0
3/1/2017,0.01,0
3/2/2017,0,0
3/3/2017,0,0
3/4/2017,0,0
3/5/2017,0,0
3/6/2017,0,0
3/7/2017,0.11,0
3/8/2017,0.05,0
3/9/2017,0,0
3/10/2017,0.26,2.4
3/11/2017,0,0
3/12/2017,0,0
3/13/2017,0,0
3/14/2017,1.94,5.1
3/15/2017,0,0
3/16/2017,0,0
3/17/2017,0,0
3/18/2017,0.07,0
3/19/2017,0,0
3/20/2017,0,0
3/21/2017,0,0
3/22/2017,0,0
3/23/2017,0,0
3/24/2017,0,0
3/25/2017,0.01,0
3/26/2017,0.14,0
3/27/2017,0.19,0
3/28/2017,0.93,0
3/29/2017,0,0
3/30/2017,0.01,0
3/31/2017,2.07,0
4/1/2017,0.01,0
4/2/2017,0,0
4/3/2017,0.03,0
4/4/2017,1.05,0
4/5/2017,0,0
4/6/2017,0.96,0
4/7/2017,0,0
4/8/2017,0,0
4/9/2017,0,0
4/10/2017,0,0
4/11/2017,0,0
4/12/2017,0.05,0
4/13/2017,0,0
4/14/2017,0,0
4/15/2017,0,0
4/16/2017,0.01,0
4/17/2017,0,0
4/18/2017,0,0
4/19/2017,0,0
4/20/2017,0.17,0
4/21/2017,0.03,0
4/22/2017,0.11,0
4/23/2017,0,0
4/24/2017,0.01,0
4/25/2017,0.98,0
4/26/2017,0.48,0
4/27/2017,0.01,0
4/28/2017,0,0
4/29/2017,0.16,0
4/30/2017,0,0
5/1/2017,0,0
5/2/2017,0.02,0
5/3/2017,0,0
5/4/2017,0,0
5/5/2017,1.78,0
5/6/2017,0.05,0
5/7/2017,0,0
5/8/2017,0,0
5/9/2017,0,0
5/10/2017,0,0
5/11/2017,0,0
5/12/2017,0,0
5/13/2017,1.65,0
5/14/2017,0.01,0
5/15/2017,0,0
5/16/2017,0,0
5/17/2017,0,0
5/18/2017,0,0
5/19/2017,0,0
5/20/2017,0,0
5/21/2017,0,0
5/22/2017,0.65,0
5/23/2017,0,0
5/24/2017,0.02,0
5/25/2017,1.14,0
5/26/2017,0.19,0
5/27/2017,0,0
5/28/2017,0,0
5/29/2017,0.29,0
5/30/2017,0,0
5/31/2017,0.03,0
6/1/2017,0,0
6/2/2017,0,0
6/3/2017,0.02,0
6/4/2017,0.09,0
6/5/2017,0.4,0
6/6/2017,0.05,0
6/7/2017,0,0
6/8/2017,0,0
6/9/2017,0,0
6/10/2017,0,0
6/11/2017,0,0
6/12/2017,0,0
6/13/2017,0,0
6/14/2017,0.3,0
6/15/2017,0,0
6/16/2017,0.03,0
6/17/2017,0.34,0
6/18/2017,0,0
6/19/2017,1.12,0
6/20/2017,0.01,0
6/21/2017,0,0
6/22/2017,0,0
6/23/2017,0,0
6/24/2017,1.73,0
6/25/2017,0,0
6/26/2017,0,0
6/27/2017,0.11,0
6/28/2017,0,0
6/29/2017,0,0
6/30/2017,0,0
7/1/2017,0.53,0
7/2/2017,0,0
7/3/2017,0,0
7/4/2017,0,0
7/5/2017,0,0
7/6/2017,0,0
7/7/2017,1.92,0
7/8/2017,0,0
7/9/2017,0,0
7/10/2017,0,0
7/11/2017,0.16,0
7/12/2017,0.01,0
7/13/2017,0.03,0
7/14/2017,0.21,0
7/15/2017,0.01,0
7/16/2017,0,0
7/17/2017,0,0
7/18/2017,0,0
7/19/2017,0,0
7/20/2017,0,0
7/21/2017,0,0
7/22/2017,0.62,0
7/23/2017,0.37,0
7/24/2017,0.78,0
7/25/2017,0,0
7/26/2017,0,0
7/27/2017,0,0
7/28/2017,0,0
7/29/2017,0.01,0
7/30/2017,0,0
7/31/2017,0,0
8/1/2017,0,0
8/2/2017,0.01,0
8/3/2017,0,0
8/4/2017,0.06,0
8/5/2017,0.27,0
8/6/2017,0,0
8/7/2017,0.39,0
8/8/2017,0,0
8/9/2017,0,0
8/10/2017,0,0
8/11/2017,0,0
8/12/2017,0.21,0
8/13/2017,0,0
8/14/2017,0,0
8/15/2017,0.44,0
8/16/2017,0,0
8/17/2017,0,0
8/18/2017,0.27,0
8/19/2017,0,0
8/20/2017,0,0
8/21/2017,0,0
8/22/2017,0.17,0
8/23/2017,0.06,0
8/24/2017,0,0
8/25/2017,0,0
8/26/2017,0,0
8/27/2017,0,0
8/28/2017,0,0
8/29/2017,0.57,0
8/30/2017,0.05,0
8/31/2017,0,0
9/1/2017,0,0
9/2/2017,0.54,0
9/3/2017,0.46,0
9/4/2017,0,0
9/5/2017,0,0
9/6/2017,0.5,0
9/7/2017,0,0
9/8/2017,0,0
9/9/2017,0,0
9/10/2017,0,0
9/11/2017,0,0
9/12/2017,0,0
9/13/2017,0.4,0
9/14/2017,0,0
9/15/2017,0,0
9/16/2017,0,0
9/17/2017,0,0
9/18/2017,0,0
9/19/2017,0.26,0
9/20/2017,0,0
9/21/2017,0,0
9/22/2017,0,0
9/23/2017,0,0
9/24/2017,0,0
9/25/2017,0,0
9/26/2017,0,0
9/27/2017,0,0
9/28/2017,0,0
9/29/2017,0,0
9/30/2017,0.04,0
10/1/2017,0,0
10/2/2017,0,0
10/3/2017,0,0
10/4/2017,0,0
10/5/2017,0,0
10/6/2017,0,0
10/7/2017,0,0
10/8/2017,0.04,0
10/9/2017,0.34,0
10/10/2017,0,0
10/11/2017,0.02,0
10/12/2017,0.08,0
10/13/2017,0,0
10/14/2017,0.01,0
10/15/2017,0.01,0
10/16/2017,0,0
10/17/2017,0,0
10/18/2017,0,0
10/19/2017,0,0
10/20/2017,0,0
10/21/2017,0,0
10/22/2017,0,0
10/23/2017,0,0
10/24/2017,0.51,0
10/25/2017,0,0
10/26/2017,0,0
10/27/2017,0,0
10/28/2017,0,0
10/29/2017,2.84,0
10/30/2017,0.36,0
10/31/2017,0,0
11/1/2017,0,0
11/2/2017,0,0
11/3/2017,0,0
11/4/2017,0,0
11/5/2017,0.05,0
11/6/2017,0,0
11/7/2017,0.78,0
11/8/2017,0,0
11/9/2017,0,0
11/10/2017,0,0
11/11/2017,0,0
11/12/2017,0,0
11/13/2017,0.03,0
11/14/2017,0,0
11/15/2017,0,0
11/16/2017,0.13,0
11/17/2017,0,0
11/18/2017,0.2,0
11/19/2017,0.25,0
11/20/2017,0,0
11/21/2017,0,0
11/22/2017,0.35,0
11/23/2017,0,0
11/24/2017,0,0
11/25/2017,0,0
11/26/2017,0,0
11/27/2017,0,0
